company,job-title,level
SynergisticIT,Entry level Python/R Developer,Entry level
SynergisticIT,Junior/Entry Level Software Developer(Remote),Entry level
SynergisticIT,Entry/Junior Level Software Developer - Remote,Entry level
SynergisticIT,Junior/Entry Software Developer,Entry level
SynergisticIT,Entry Level Software Developer - Remote,Entry level
SynergisticIT,Remote Software Developer (Junior),Entry level
SynergisticIT,Junior Level Software Engineer (REMOTE),Entry level
SynergisticIT,Junior Full-stack Developer (Remote),Entry level
SynergisticIT,Entry Level Software Engineer,Entry level
SynergisticIT,Backend Developer(Entry Level),Entry level
SynergisticIT,Junior/Entry Level Software Developer(Remote),Entry level
SynergisticIT,Entry/Junior Level Software Developer - Remote,Entry level
SynergisticIT,Junior/Entry Software Developer,Entry level
SynergisticIT,Entry Level Software Developer - Remote,Entry level
SynergisticIT,Remote Software Developer (Junior),Entry level
SynergisticIT,Junior Level Software Engineer (REMOTE),Entry level
SynergisticIT,Junior Full-stack Developer (Remote),Entry level
SynergisticIT,Entry Level Software Engineer,Entry level
SynergisticIT,Backend Developer(Entry Level),Entry level
SynergisticIT,JUNIOR SOFTWARE ENGINEER (REMOTE),Entry level
SynergisticIT,Entry/Junior Level Software Developer - Remote,Entry level
,,
SynergisticIT,Entry Level Software Developer - Remote,Entry level
SynergisticIT,Remote Software Developer (Junior),Entry level
,,
SynergisticIT,Entry Level Software Engineer,Entry level
SynergisticIT,Junior Full-stack Developer (Remote),Entry level
SynergisticIT,JUNIOR SOFTWARE ENGINEER (REMOTE),Entry level
SynergisticIT,Entry Level Data Scientist,Entry level
,,
SynergisticIT,Junior/Entry Software Developer,Entry level
SynergisticIT,Entry Level Software Developer - Remote,Entry level
SynergisticIT,Remote Software Developer (Junior),Entry level
SynergisticIT,Junior Level Software Engineer (REMOTE),Entry level
SynergisticIT,Entry Level Software Engineer,Entry level
SynergisticIT,Junior Full-stack Developer (Remote),Entry level
SynergisticIT,JUNIOR SOFTWARE ENGINEER (REMOTE),Entry level
SynergisticIT,Entry Level Data Scientist,Entry level
SynergisticIT,Junior Software Engineer,Entry level
SynergisticIT,Junior Coder/Developer/Programmer,Entry level
SynergisticIT,Entry Level Software Developer - Remote,Entry level
SynergisticIT,Remote Software Developer (Junior),Entry level
SynergisticIT,Junior Level Software Engineer (REMOTE),Entry level
SynergisticIT,Junior Full-stack Developer (Remote),Entry level
SynergisticIT,Entry Level Software Engineer,Entry level
SynergisticIT,Backend Developer(Entry Level),Entry level
SynergisticIT,JUNIOR SOFTWARE ENGINEER (REMOTE),Entry level
SynergisticIT,Entry Level Data Scientist,Entry level
SynergisticIT,Junior Software Engineer,Entry level
SynergisticIT,Junior Coder/Developer/Programmer,Entry level
